product_id,product_name,category,price,description_raw
a6846099-f729-4951-8591-31d2bbda0242,Roupas - Fugit Orquídea média,Roupas,1003.93,Incrível quidem feito de material premium. Ideal para Nutrologista. Cores disponíveis: Iris. Garantia de 1 meses. Dimensões: 59cm. Peso: 5kg.
97ac6aa8-bb24-48a3-9363-57b66f81cf4f,Eletrônicos - Fugiat Cinza ardósia claro,Eletrônicos,2439.06,Incrível exercitationem feito de material premium. Ideal para Berçarista. Cores disponíveis: Carmim clássico. Garantia de 3 meses. Dimensões: 51cm. Peso: 3kg.
c01f36bf-3e6d-458b-b367-c28de1b294de,Esportes - Officiis Milho Claro,Esportes,193.17,Incrível similique feito de material premium. Ideal para Técnico em taquigrafia. Cores disponíveis: Creme. Garantia de 5 meses. Dimensões: 89cm. Peso: 1kg.
d9d80b8d-7e8a-4ee7-8758-e201561e16d1,Eletrônicos - Itaque Azul petróleo,Eletrônicos,2651.81,Incrível placeat feito de material premium. Ideal para Diretor de fotografia. Cores disponíveis: Cobre. Garantia de 8 meses. Dimensões: 99cm. Peso: 8kg.
4797b2c9-5720-4246-8223-623bcc3ebdde,Roupas - Saepe Roxo brasilis,Roupas,4127.55,Incrível harum feito de material premium. Ideal para Preparador de máquinas. Cores disponíveis: Água-marinha. Garantia de 10 meses. Dimensões: 43cm. Peso: 9kg.
15eabb27-30e9-42f2-b2b4-3abf8441aefd,Móveis - Excepturi Salmão,Móveis,2545.36,Incrível nemo feito de material premium. Ideal para Odontologista legal. Cores disponíveis: Marrom rosado. Garantia de 12 meses. Dimensões: 10cm. Peso: 4kg.
79e13cea-b0cb-461f-bd85-de89c2171429,Roupas - Tenetur Salmão claro,Roupas,4323.21,Incrível porro feito de material premium. Ideal para Meeiro. Cores disponíveis: Verde floresta. Garantia de 7 meses. Dimensões: 76cm. Peso: 5kg.
38ba8abc-4b53-45e5-97d2-582e046a0df5,Beleza - Necessitatibus Rosa profundo,Beleza,395.87,Incrível exercitationem feito de material premium. Ideal para Fiscal. Cores disponíveis: Renda antiga. Garantia de 2 meses. Dimensões: 68cm. Peso: 7kg.
8db06746-7927-4973-9e78-1fd794e0d3ba,Eletrônicos - Quia Cinza médio,Eletrônicos,825.46,Incrível nisi feito de material premium. Ideal para Político. Cores disponíveis: Cinza ardósia. Garantia de 11 meses. Dimensões: 40cm. Peso: 9kg.
455ac762-7428-4656-b3ee-4d3b5a104129,Móveis - Inventore Bronze,Móveis,2625.64,Incrível eveniet feito de material premium. Ideal para Carteiro. Cores disponíveis: Salmão. Garantia de 11 meses. Dimensões: 49cm. Peso: 10kg.
be2d740a-1e9b-43bc-90c7-c006314d3441,Beleza - Quidem Turquesa pálida,Beleza,1704.23,Incrível voluptas feito de material premium. Ideal para Costureira. Cores disponíveis: Azul taparuere. Garantia de 12 meses. Dimensões: 15cm. Peso: 9kg.
46c8adfe-7bf4-4042-bd15-31c83764fbda,Esportes - Repudiandae Turquesa média,Esportes,4966.96,Incrível qui feito de material premium. Ideal para Químico farmacêutico. Cores disponíveis: Carmim. Garantia de 3 meses. Dimensões: 63cm. Peso: 4kg.
31b1b099-d527-41e7-99bc-143efb02bebb,Esportes - Impedit Branco fantasma,Esportes,1769.53,Incrível magni feito de material premium. Ideal para Corredor de atletismo. Cores disponíveis: Cereja. Garantia de 5 meses. Dimensões: 83cm. Peso: 2kg.
2067bdac-88bd-43d1-b540-b30e039f3a25,Eletrônicos - Harum Amarelo queimado,Eletrônicos,4675.55,Incrível asperiores feito de material premium. Ideal para Prático. Cores disponíveis: Castanho claro. Garantia de 5 meses. Dimensões: 42cm. Peso: 8kg.
a34b6cf6-2053-4a42-b1af-db65b289f224,Roupas - Porro Azul brasilis brilhante,Roupas,120.06,Incrível accusantium feito de material premium. Ideal para Profissional de logística. Cores disponíveis: Carmim. Garantia de 12 meses. Dimensões: 37cm. Peso: 2kg.
5738811d-70c2-403f-ba8d-03aa782a65e0,Móveis - Ea Âmbar,Móveis,756.27,Incrível explicabo feito de material premium. Ideal para Neonatologista. Cores disponíveis: Azul camarada. Garantia de 12 meses. Dimensões: 56cm. Peso: 2kg.
7de31a51-6694-4343-90ba-58e3d2762bdc,Móveis - Aut Mocassim,Móveis,1633.89,Incrível suscipit feito de material premium. Ideal para Tecnólogo em rochas ornamentais. Cores disponíveis: Âmbar. Garantia de 4 meses. Dimensões: 55cm. Peso: 6kg.
90164161-cfa7-41cd-a631-d00b26d794d3,Esportes - Incidunt Azul ardósia claro,Esportes,2456.88,Incrível expedita feito de material premium. Ideal para Carpinteiro. Cores disponíveis: Marrom rosado. Garantia de 3 meses. Dimensões: 26cm. Peso: 5kg.
989bc4da-9b37-422b-aa8a-616fc3b290d0,Esportes - Sit Branco antigo,Esportes,3636.67,Incrível quasi feito de material premium. Ideal para Jogador de badminton. Cores disponíveis: Heliotrópio. Garantia de 10 meses. Dimensões: 20cm. Peso: 4kg.
dc33e1f9-4c1f-45ab-b156-29eee893be3d,Beleza - Repudiandae Flerte,Beleza,1791.65,Incrível inventore feito de material premium. Ideal para Profissional de educação física. Cores disponíveis: Orquídea. Garantia de 3 meses. Dimensões: 94cm. Peso: 9kg.
bd767e35-f5c9-4047-9c10-c5720f6b40d0,Esportes - Consequuntur Turquesa pálida,Esportes,2675.99,Incrível eos feito de material premium. Ideal para Saxofonista. Cores disponíveis: Bege. Garantia de 3 meses. Dimensões: 18cm. Peso: 7kg.
2834e4c0-14c8-43b4-a911-d19243bfd931,Beleza - Excepturi Azul médio,Beleza,425.45,Incrível quod feito de material premium. Ideal para Aviador. Cores disponíveis: Azul força aérea. Garantia de 9 meses. Dimensões: 10cm. Peso: 2kg.
b07aa066-7354-45ea-a894-9b8d00af5b3a,Móveis - Saepe Jade,Móveis,381.77,Incrível illum feito de material premium. Ideal para Anestesiologista. Cores disponíveis: Branco floral. Garantia de 9 meses. Dimensões: 92cm. Peso: 2kg.
b3f6fe0d-4860-4b32-b4fb-0eb949c13de7,Móveis - Odit Azul aço claro,Móveis,3259.18,Incrível vitae feito de material premium. Ideal para Encarregado de manutenção predial. Cores disponíveis: Caramelo. Garantia de 5 meses. Dimensões: 50cm. Peso: 1kg.
96fc734d-a003-4d28-8a8f-3653c9af18f8,Móveis - Ut Verde lima,Móveis,2293.76,Incrível eius feito de material premium. Ideal para Mágico. Cores disponíveis: Azul camarada. Garantia de 10 meses. Dimensões: 61cm. Peso: 7kg.
26242b40-a5cb-43a2-b98d-1ca68b6870b5,Esportes - Fugiat Verde Paris,Esportes,2332.45,Incrível dicta feito de material premium. Ideal para Auxiliar de reprografia. Cores disponíveis: Amêndoa. Garantia de 1 meses. Dimensões: 54cm. Peso: 4kg.
9854ce4e-4ebf-45c3-8ae9-b4a72a79ea68,Roupas - Reiciendis Castanho avermelhado,Roupas,4219.57,Incrível nulla feito de material premium. Ideal para Catador de material reciclável. Cores disponíveis: Iris. Garantia de 12 meses. Dimensões: 81cm. Peso: 10kg.
670acc5c-b321-4f21-8dd8-eb85b04d3376,Beleza - Fugit Lavanda,Beleza,2830.07,Incrível quis feito de material premium. Ideal para Oftalmologista. Cores disponíveis: Glicínia. Garantia de 2 meses. Dimensões: 92cm. Peso: 8kg.
e3b137fc-0a34-40fc-9918-ee461497d658,Roupas - Non Terracota,Roupas,4099.52,Incrível iste feito de material premium. Ideal para Radioterapêutico. Cores disponíveis: Bronze. Garantia de 11 meses. Dimensões: 83cm. Peso: 1kg.
f63fce41-3a9a-4a5e-9761-32ed069f14f1,Eletrônicos - Veniam Verde-azulado,Eletrônicos,1922.98,Incrível repellat feito de material premium. Ideal para Promotor público/de justiça. Cores disponíveis: Amarelo brasilis. Garantia de 1 meses. Dimensões: 71cm. Peso: 10kg.
d248a9a7-ac1a-4554-83c7-5611ffe3fa49,Móveis - Fugiat Mocassim,Móveis,2333.43,Incrível animi feito de material premium. Ideal para Coordenador. Cores disponíveis: Jade. Garantia de 5 meses. Dimensões: 51cm. Peso: 1kg.
ea83bf00-7135-4221-a6c9-537f84dad06a,Eletrônicos - Hic Azul petróleo,Eletrônicos,297.27,Incrível reprehenderit feito de material premium. Ideal para Marketeiro. Cores disponíveis: Pêssego. Garantia de 3 meses. Dimensões: 32cm. Peso: 7kg.
175ba98d-f814-4102-bde1-bdfed0725b5c,Beleza - Optio Cinza,Beleza,2265.88,Incrível nemo feito de material premium. Ideal para Gerente de banco. Cores disponíveis: Cinza ardósia claro. Garantia de 11 meses. Dimensões: 86cm. Peso: 1kg.
292bd156-db94-4570-9ac7-0ec0ab8ddeb4,Esportes - Iure Eucalipto,Esportes,1733.61,Incrível voluptate feito de material premium. Ideal para Operador de bombas. Cores disponíveis: Castanho avermelhado. Garantia de 7 meses. Dimensões: 91cm. Peso: 8kg.
d045dd1c-6684-49e3-b1f8-343ea99f1318,Esportes - Quo Amarelo esverdeado,Esportes,2876.59,Incrível odit feito de material premium. Ideal para Biblioteconomista. Cores disponíveis: Ciano escuro. Garantia de 10 meses. Dimensões: 49cm. Peso: 10kg.
f85e06a1-1dad-49b2-92c2-1221409d3602,Beleza - Necessitatibus Vermelho violeta,Beleza,1130.28,Incrível quam feito de material premium. Ideal para Açougueiro. Cores disponíveis: Quartzo. Garantia de 5 meses. Dimensões: 68cm. Peso: 9kg.
69ca97d2-7644-44fd-8ae7-69edde8ede0b,Móveis - Asperiores Azul real,Móveis,1020.87,Incrível quas feito de material premium. Ideal para Hostess. Cores disponíveis: Ouro. Garantia de 12 meses. Dimensões: 48cm. Peso: 4kg.
71299889-a01a-4992-bf9d-3e64c1a6423b,Roupas - Asperiores Azul violeta,Roupas,3162.54,Incrível fugiat feito de material premium. Ideal para Polidor de produção. Cores disponíveis: Azul céu claro. Garantia de 8 meses. Dimensões: 18cm. Peso: 5kg.
e17f29e1-7028-4046-89bc-473fed7bf656,Eletrônicos - Voluptatem Laranja claro,Eletrônicos,4545.85,Incrível cupiditate feito de material premium. Ideal para Ambientalista. Cores disponíveis: Pardo. Garantia de 1 meses. Dimensões: 77cm. Peso: 4kg.
b5b453ca-3d42-493c-8c9f-d3349bdf0377,Esportes - Dolore Ciano claro,Esportes,4623.41,Incrível quod feito de material premium. Ideal para Agente de combate à endemias. Cores disponíveis: Marrom claro. Garantia de 11 meses. Dimensões: 92cm. Peso: 7kg.
fe049059-3985-4b62-97dc-8eff687213f9,Beleza - Cum Índigo,Beleza,834.33,Incrível cumque feito de material premium. Ideal para Tabelião. Cores disponíveis: Verde primavera. Garantia de 9 meses. Dimensões: 77cm. Peso: 4kg.
b77350ca-eec2-49dc-bf95-897c276aa6ce,Eletrônicos - Illum Lima,Eletrônicos,4387.9,Incrível voluptatibus feito de material premium. Ideal para Engenheiro naval. Cores disponíveis: Fandango. Garantia de 10 meses. Dimensões: 44cm. Peso: 8kg.
78e3654b-faf1-4ff0-bb85-179ad5b077e0,Beleza - Exercitationem Herbal,Beleza,2564.94,Incrível quod feito de material premium. Ideal para Clarinetista. Cores disponíveis: Dourado escuro. Garantia de 8 meses. Dimensões: 88cm. Peso: 4kg.
821c1336-9970-4f60-abff-8d1530cbd755,Eletrônicos - Deleniti Vermelho violeta,Eletrônicos,2540.07,Incrível atque feito de material premium. Ideal para Engenheiro sanitarista. Cores disponíveis: Urucum. Garantia de 1 meses. Dimensões: 98cm. Peso: 5kg.
57021049-6a39-4aa6-9aba-c50dca3dd859,Móveis - Quae Cardo,Móveis,2455.63,Incrível a feito de material premium. Ideal para Escritor. Cores disponíveis: Sépia. Garantia de 12 meses. Dimensões: 51cm. Peso: 2kg.
9475dbc9-9641-4ced-9664-d2644c6e27ff,Esportes - Unde Laranja escuro,Esportes,623.63,Incrível distinctio feito de material premium. Ideal para Médico nuclear. Cores disponíveis: Mamão batido. Garantia de 7 meses. Dimensões: 59cm. Peso: 5kg.
8d4a75b8-551a-48ea-985a-0afa7bfdcc12,Beleza - Quisquam Creme de menta,Beleza,190.46,Incrível odit feito de material premium. Ideal para Gagsman. Cores disponíveis: Vermelho. Garantia de 4 meses. Dimensões: 50cm. Peso: 9kg.
3d225c30-b28f-41de-bb14-0bc3304b8590,Esportes - Rem Dourado escuro,Esportes,3544.49,Incrível eveniet feito de material premium. Ideal para Letrista. Cores disponíveis: Amarelo queimado. Garantia de 12 meses. Dimensões: 65cm. Peso: 7kg.
b489d070-7914-48a8-bea4-ff31517400f8,Móveis - Modi Dourado escuro,Móveis,4227.58,Incrível ut feito de material premium. Ideal para Taxidermista/Embalsamador. Cores disponíveis: Azul escuro. Garantia de 1 meses. Dimensões: 72cm. Peso: 6kg.
2051acef-097a-4e10-b6fe-bc0e7ecddbaf,Eletrônicos - Provident Nyanza,Eletrônicos,2531.96,Incrível iure feito de material premium. Ideal para Cabeleireiro. Cores disponíveis: Violeta claro. Garantia de 6 meses. Dimensões: 32cm. Peso: 3kg.
86a4bae4-1986-44b2-b0b7-e868d85480f0,Beleza - Odit Água,Beleza,3040.84,Incrível dicta feito de material premium. Ideal para Lenhador. Cores disponíveis: Vermelho. Garantia de 8 meses. Dimensões: 98cm. Peso: 7kg.
1327f1bc-2784-478f-b84f-16b3a79fbfaf,Beleza - Optio Verde escuro,Beleza,4459.91,Incrível fuga feito de material premium. Ideal para Gestor ambiental. Cores disponíveis: Ouro. Garantia de 3 meses. Dimensões: 13cm. Peso: 4kg.
148f8b74-a65b-41f2-a5c1-7795b15516bc,Esportes - Iure Vermelho indiano,Esportes,3867.75,Incrível veniam feito de material premium. Ideal para Personal stylist. Cores disponíveis: Creme. Garantia de 12 meses. Dimensões: 41cm. Peso: 8kg.
b7fddd71-a075-4927-9110-b492f4427e0b,Roupas - Placeat Violeta claro,Roupas,4228.57,Incrível quis feito de material premium. Ideal para Apicultor. Cores disponíveis: Orquídea. Garantia de 4 meses. Dimensões: 46cm. Peso: 3kg.
af34cf65-a193-44b2-bc19-e71d118405ad,Esportes - Illo Branco fantasma,Esportes,3468.55,Incrível consectetur feito de material premium. Ideal para Marechal. Cores disponíveis: Azul areado. Garantia de 11 meses. Dimensões: 62cm. Peso: 10kg.
df615a5c-b432-4070-a23d-4c2fc2a79689,Beleza - Consequuntur Glitter,Beleza,1793.06,Incrível doloremque feito de material premium. Ideal para Terapeuta floral. Cores disponíveis: Cereja Hollywood. Garantia de 9 meses. Dimensões: 69cm. Peso: 1kg.
530a37df-0bc6-4066-8769-165fe746ccb9,Móveis - Aspernatur Cenoura,Móveis,2687.78,Incrível magnam feito de material premium. Ideal para Intérprete de Bíblias. Cores disponíveis: Fúcsia. Garantia de 5 meses. Dimensões: 42cm. Peso: 1kg.
697c3923-87fa-441a-be83-b91f25440fe0,Eletrônicos - Recusandae Rosa danação,Eletrônicos,2402.56,Incrível ducimus feito de material premium. Ideal para Continuista. Cores disponíveis: Azul médio. Garantia de 5 meses. Dimensões: 71cm. Peso: 1kg.
61ee6c5b-deef-480f-9c07-a75114374509,Roupas - Sit Rosa danação,Roupas,339.55,Incrível excepturi feito de material premium. Ideal para Operador de vídeo. Cores disponíveis: Naval. Garantia de 5 meses. Dimensões: 57cm. Peso: 8kg.
a34db7c5-760d-4bbb-bb70-b3a124a35cf2,Móveis - Facere Independência,Móveis,1716.51,Incrível facere feito de material premium. Ideal para Técnico em rede. Cores disponíveis: Água-marinha. Garantia de 2 meses. Dimensões: 56cm. Peso: 2kg.
e6b5a92c-771a-4655-8dfc-6ee0e61ede90,Roupas - Illo Rosa claro,Roupas,3375.36,Incrível quisquam feito de material premium. Ideal para Comprador. Cores disponíveis: Azul aço claro. Garantia de 1 meses. Dimensões: 85cm. Peso: 9kg.
fcd6bdca-5876-4d09-b1fa-f665711533f3,Esportes - Repudiandae Cereja Hollywood,Esportes,2366.38,Incrível tempore feito de material premium. Ideal para Maestro. Cores disponíveis: Rosa forte. Garantia de 12 meses. Dimensões: 58cm. Peso: 10kg.
4d57d880-d865-469a-b4f3-310340066ff2,Móveis - Eius Dourado escuro,Móveis,611.94,Incrível perspiciatis feito de material premium. Ideal para Cambista. Cores disponíveis: Branco fumaça. Garantia de 3 meses. Dimensões: 82cm. Peso: 8kg.
9326dffd-5be4-4f51-9269-869861a11729,Roupas - Impedit Roxo brasilis,Roupas,2845.11,Incrível impedit feito de material premium. Ideal para Agrônomo. Cores disponíveis: Verde primavera médio. Garantia de 12 meses. Dimensões: 85cm. Peso: 8kg.
0212b554-4644-48b4-a553-867da881bfd3,Beleza - Recusandae Vermelho violeta,Beleza,1781.84,Incrível vitae feito de material premium. Ideal para Artista plástico. Cores disponíveis: Oliva. Garantia de 6 meses. Dimensões: 61cm. Peso: 2kg.
e776b886-d534-4e1d-bf29-84f5bec39a37,Roupas - Illo Verde amarelado,Roupas,713.64,Incrível eum feito de material premium. Ideal para Recreador. Cores disponíveis: Verde lima. Garantia de 2 meses. Dimensões: 100cm. Peso: 2kg.
30ac7d7b-a2f9-43a3-b810-ae665a31b4cc,Esportes - Sit Bronze,Esportes,2232.92,Incrível veritatis feito de material premium. Ideal para Vigia parlamentar. Cores disponíveis: Turquesa. Garantia de 11 meses. Dimensões: 90cm. Peso: 4kg.
2303f6c6-d69d-42f1-ae4c-84ffa8c01f05,Beleza - Sunt Azul ardósia,Beleza,2718.47,Incrível sunt feito de material premium. Ideal para Surfista. Cores disponíveis: Amarelo ouro claro. Garantia de 7 meses. Dimensões: 95cm. Peso: 2kg.
088a93ec-70d9-49f8-89e2-60744f1639a0,Beleza - Repellendus Coral,Beleza,1820.2,Incrível delectus feito de material premium. Ideal para Biomédico. Cores disponíveis: Cenoura. Garantia de 9 meses. Dimensões: 49cm. Peso: 1kg.
2cf6bf75-6a5e-4920-bf5a-e7e653a3dd5a,Eletrônicos - Eligendi Azul céu claro,Eletrônicos,1450.22,Incrível quis feito de material premium. Ideal para Imunologista. Cores disponíveis: Magenta. Garantia de 10 meses. Dimensões: 34cm. Peso: 9kg.
d499da99-45c4-4a3e-a9da-484a80759f1f,Eletrônicos - Doloremque Caqui escuro,Eletrônicos,2360.37,Incrível perspiciatis feito de material premium. Ideal para Estoquista. Cores disponíveis: Triássico. Garantia de 4 meses. Dimensões: 61cm. Peso: 3kg.
1d7bc313-cde2-4f1c-96b6-0afcded255d0,Roupas - Omnis Azul aço,Roupas,4438.61,Incrível dicta feito de material premium. Ideal para Eletricista de automóveis. Cores disponíveis: Vermelho violeta pálido. Garantia de 4 meses. Dimensões: 29cm. Peso: 7kg.
fadd7ea3-aca5-42fd-b966-442aad238d36,Eletrônicos - Nam Vermelho enegrecido,Eletrônicos,3670.52,Incrível quos feito de material premium. Ideal para Imunologista. Cores disponíveis: Azul ardósia médio. Garantia de 10 meses. Dimensões: 68cm. Peso: 1kg.
43b38eb4-0390-4c5d-a502-d6a2ca6a2224,Beleza - Quidem Azul celeste pernambucano,Beleza,3572.57,Incrível odit feito de material premium. Ideal para Instalador de linha telefônica. Cores disponíveis: Rosa Choque. Garantia de 7 meses. Dimensões: 39cm. Peso: 9kg.
95a5bafa-431d-429f-ac1e-86d8bfbf397b,Beleza - Modi Verde pálido,Beleza,3575.18,Incrível tempore feito de material premium. Ideal para Instrumentista musical. Cores disponíveis: Azul brasilis. Garantia de 4 meses. Dimensões: 56cm. Peso: 6kg.
066803ee-78b2-4549-bbdb-c09eacc216a0,Roupas - Sit Zinco,Roupas,898.14,Incrível ratione feito de material premium. Ideal para Gastrônomo. Cores disponíveis: Orquídea escura. Garantia de 7 meses. Dimensões: 34cm. Peso: 9kg.
a2a9d4d8-102e-4de5-a5cc-8bf738ab854c,Roupas - Officiis Roxo brasilis,Roupas,2635.73,Incrível incidunt feito de material premium. Ideal para Taifeiro. Cores disponíveis: Esmeralda. Garantia de 10 meses. Dimensões: 94cm. Peso: 7kg.
f23e323d-0b9b-4934-a3c8-6d301dde7969,Eletrônicos - Amet Cereja,Eletrônicos,1179.38,Incrível possimus feito de material premium. Ideal para Capoeirista. Cores disponíveis: Azul ardósia. Garantia de 6 meses. Dimensões: 35cm. Peso: 9kg.
22bae10e-899c-4782-a323-6d1a3c1bdacc,Móveis - Molestias Herbal,Móveis,1578.12,Incrível maxime feito de material premium. Ideal para Técnico tributarista. Cores disponíveis: Tomate. Garantia de 12 meses. Dimensões: 30cm. Peso: 5kg.
6b4be411-8a4a-4e2d-b22b-5b98b24cc64f,Móveis - Repudiandae Tomate,Móveis,4373.01,Incrível dolor feito de material premium. Ideal para Lixeiro/Coletor de lixo. Cores disponíveis: Quantum. Garantia de 1 meses. Dimensões: 95cm. Peso: 9kg.
9d9b6231-7d45-48ef-956c-e8ea19597b5a,Roupas - Nemo Carmim clássico,Roupas,4326.81,Incrível aliquid feito de material premium. Ideal para Telegrafista. Cores disponíveis: Couro. Garantia de 9 meses. Dimensões: 37cm. Peso: 7kg.
f3579560-71d7-4665-b181-8dcf379efc6e,Eletrônicos - Ex Vermelho indiano,Eletrônicos,3451.7,Incrível magni feito de material premium. Ideal para Broker/Corretor da bolsa de valores. Cores disponíveis: Rosa embaçado. Garantia de 8 meses. Dimensões: 86cm. Peso: 9kg.
fa53e34d-e6d5-401d-8b62-1d415e09a9ee,Roupas - Tenetur Concha,Roupas,2246.13,Incrível assumenda feito de material premium. Ideal para Kite-surfer. Cores disponíveis: Carmim carnáceo. Garantia de 10 meses. Dimensões: 56cm. Peso: 8kg.
f2f25eef-1f45-4bfd-b7dc-67e030974b2b,Móveis - Odit Azul ardósia médio,Móveis,3567.53,Incrível ut feito de material premium. Ideal para Diretor de fotografia. Cores disponíveis: Preto. Garantia de 8 meses. Dimensões: 12cm. Peso: 10kg.
0577aea9-f899-4246-98de-8ebba3b5cece,Roupas - Architecto Verde espectro,Roupas,4157.03,Incrível iusto feito de material premium. Ideal para Engenheiro cartográfico. Cores disponíveis: Azul celeste. Garantia de 11 meses. Dimensões: 97cm. Peso: 9kg.
11906f50-3488-4a46-9088-2eafc9776598,Beleza - Quod Azul,Beleza,3559.72,Incrível repudiandae feito de material premium. Ideal para Dublador. Cores disponíveis: Verde mar médio. Garantia de 1 meses. Dimensões: 76cm. Peso: 2kg.
c63d04ee-541c-4a86-bba5-cd2fdea45c19,Móveis - Dignissimos Verde espectro,Móveis,1187.48,Incrível saepe feito de material premium. Ideal para Acupunturista. Cores disponíveis: Carmim carnáceo. Garantia de 3 meses. Dimensões: 58cm. Peso: 6kg.
fcce96f6-250a-4578-bbe9-4499dbc080fd,Beleza - Delectus Maná,Beleza,3639.33,Incrível explicabo feito de material premium. Ideal para Controller. Cores disponíveis: Azul cadete. Garantia de 4 meses. Dimensões: 92cm. Peso: 6kg.
21bddb41-0699-4731-9dcf-8766a93b12cd,Beleza - Accusantium Concha,Beleza,837.92,Incrível ex feito de material premium. Ideal para Protesista. Cores disponíveis: Cinza ardósia claro. Garantia de 8 meses. Dimensões: 72cm. Peso: 9kg.
0d6a05b3-43ef-4016-ac9b-662e040a3aae,Móveis - Debitis Tijolo refratário,Móveis,906.4,Incrível nihil feito de material premium. Ideal para Pedreiro. Cores disponíveis: Azul camarada. Garantia de 3 meses. Dimensões: 25cm. Peso: 9kg.
72c22a16-79eb-4168-9045-56e5bee3eb79,Roupas - Magni Limão,Roupas,2301.83,Incrível rerum feito de material premium. Ideal para Cameraman. Cores disponíveis: Heliotrópio. Garantia de 10 meses. Dimensões: 84cm. Peso: 3kg.
9d77a45e-f206-4269-b8b7-7c0780fb9296,Roupas - Aperiam Siena,Roupas,4200.92,Incrível unde feito de material premium. Ideal para Peão de rodeiro. Cores disponíveis: Cereja. Garantia de 4 meses. Dimensões: 62cm. Peso: 8kg.
07f97d05-f6ca-4b8b-a4b1-f99175424646,Beleza - Assumenda Jasmine,Beleza,4357.61,Incrível natus feito de material premium. Ideal para Maitre. Cores disponíveis: Rosa embaçado. Garantia de 4 meses. Dimensões: 32cm. Peso: 9kg.
e8e22743-b65f-4ea9-bd82-42641ba362e7,Beleza - Numquam Azul aço claro,Beleza,1117.47,Incrível beatae feito de material premium. Ideal para Gagsman. Cores disponíveis: Oliva. Garantia de 7 meses. Dimensões: 52cm. Peso: 8kg.
466772ce-204e-478c-90d0-8d1125f934bf,Móveis - Soluta Pêssego,Móveis,3105.33,Incrível reprehenderit feito de material premium. Ideal para Policial militar. Cores disponíveis: Salmão claro. Garantia de 11 meses. Dimensões: 11cm. Peso: 1kg.
98eeac2b-fe9f-4caa-a182-f347533f5a72,Móveis - Quia Cenoura,Móveis,4574.41,Incrível odit feito de material premium. Ideal para Otorrinolaringologista. Cores disponíveis: Oliva parda. Garantia de 12 meses. Dimensões: 94cm. Peso: 8kg.
b3a7d0e0-cb08-487d-9963-c26d6e218b09,Eletrônicos - Cum Vermelho indiano,Eletrônicos,3110.17,Incrível ullam feito de material premium. Ideal para Tatuador. Cores disponíveis: Violeta escuro. Garantia de 11 meses. Dimensões: 81cm. Peso: 4kg.
dd90e79e-b888-46ed-8d24-4e3ec4dabddb,Roupas - Esse Fúcsia,Roupas,549.35,Incrível odio feito de material premium. Ideal para Embalador. Cores disponíveis: Eucalipto. Garantia de 2 meses. Dimensões: 33cm. Peso: 3kg.
66132e69-7418-4109-93d1-bf0f56c438e4,Roupas - Nesciunt Siena,Roupas,1916.18,Incrível consequatur feito de material premium. Ideal para Florista. Cores disponíveis: Flerte. Garantia de 7 meses. Dimensões: 91cm. Peso: 3kg.
5fd23109-4140-452c-aa44-825950018b7b,Eletrônicos - Dolor Rosa embaçado,Eletrônicos,154.79,Incrível pariatur feito de material premium. Ideal para Atleta de tiro com arco. Cores disponíveis: Azul ardósia médio. Garantia de 12 meses. Dimensões: 26cm. Peso: 8kg.
6e8f75a1-17dd-4d81-95da-705cd4ef00aa,Esportes - Consequatur Tomate,Esportes,659.83,Incrível minima feito de material premium. Ideal para Chargista. Cores disponíveis: Marrom rosado. Garantia de 1 meses. Dimensões: 78cm. Peso: 4kg.
8fc42092-f4e5-49e5-9622-93480f5ae9d3,Eletrônicos - Ratione Cinza ardósia,Eletrônicos,3616.6,Incrível velit feito de material premium. Ideal para Cartunista. Cores disponíveis: Eucalipto. Garantia de 3 meses. Dimensões: 42cm. Peso: 1kg.
f0ede303-aa53-419c-9fa4-bb9f5a856750,Móveis - Nisi Vermelho,Móveis,1243.58,Incrível asperiores feito de material premium. Ideal para Especialista em agronegócios. Cores disponíveis: Oliva escura. Garantia de 7 meses. Dimensões: 77cm. Peso: 8kg.
93f277cc-1a85-410d-9a05-7c114ffca6b1,Eletrônicos - Quae Bege,Eletrônicos,3989.91,Incrível dolor feito de material premium. Ideal para Técnico em agropecuária. Cores disponíveis: Kiwi. Garantia de 12 meses. Dimensões: 67cm. Peso: 7kg.
59a1120e-1bb4-4332-98e7-012f39681c81,Esportes - Quos Couro,Esportes,4767.04,Incrível cum feito de material premium. Ideal para Enólogo. Cores disponíveis: Milho. Garantia de 3 meses. Dimensões: 89cm. Peso: 8kg.
d85c16bd-6dda-4f8d-8ea6-0f4c39e58ff0,Eletrônicos - Ratione Turquesa,Eletrônicos,4315.64,Incrível soluta feito de material premium. Ideal para Representante comercial. Cores disponíveis: Rosa Choque. Garantia de 12 meses. Dimensões: 37cm. Peso: 3kg.
9be71737-06b8-4231-8e86-7f3ca487eeab,Esportes - Unde Verde primavera médio,Esportes,1044.27,Incrível voluptate feito de material premium. Ideal para Engenheiro físico. Cores disponíveis: Amarelo creme. Garantia de 3 meses. Dimensões: 95cm. Peso: 4kg.
c32d4526-b3e4-410a-85f5-0c522e2fbf77,Beleza - Ipsa Cinza escuro,Beleza,1150.47,Incrível laudantium feito de material premium. Ideal para Administrador de redes. Cores disponíveis: Azul petróleo. Garantia de 3 meses. Dimensões: 25cm. Peso: 3kg.
a847bce7-90fa-4b57-a4ac-2130deaf528d,Eletrônicos - Natus Aspargo,Eletrônicos,3867.19,Incrível dicta feito de material premium. Ideal para Serralheiro. Cores disponíveis: Amarelo creme. Garantia de 6 meses. Dimensões: 41cm. Peso: 10kg.
3712f2d1-87cd-46a1-bf01-2e32177d6e7e,Beleza - Minus Feldspato,Beleza,1866.09,Incrível odit feito de material premium. Ideal para Gestor de tecnologia da informação. Cores disponíveis: Azul força aérea. Garantia de 5 meses. Dimensões: 17cm. Peso: 3kg.
530ac1c7-b8ba-4368-8fc7-77685ebbcca5,Móveis - Reiciendis Ocre,Móveis,964.18,Incrível blanditiis feito de material premium. Ideal para Assessor de imprensa. Cores disponíveis: Azul flor de milho. Garantia de 9 meses. Dimensões: 35cm. Peso: 3kg.
0cbd3c03-9e2a-44ac-8122-b5b3284c03d2,Roupas - Veniam Azul alice,Roupas,1162.7,Incrível fugit feito de material premium. Ideal para Médico. Cores disponíveis: Renda antiga. Garantia de 11 meses. Dimensões: 25cm. Peso: 1kg.
7129cec7-9b69-454d-bc54-535f6c8c3b6a,Móveis - Nesciunt Carmesim,Móveis,3918.8,Incrível esse feito de material premium. Ideal para Papiloscopista. Cores disponíveis: Azul camarada. Garantia de 5 meses. Dimensões: 72cm. Peso: 3kg.
4882d73c-1c63-45ab-ae0e-d1e8585d3f86,Esportes - Veritatis Rosa claro,Esportes,3336.14,Incrível rerum feito de material premium. Ideal para Oculista. Cores disponíveis: Magenta escuro. Garantia de 4 meses. Dimensões: 98cm. Peso: 7kg.
3873e57f-0ba0-48e8-8ef4-92c1aac93316,Esportes - Nam Oliva escura,Esportes,2708.06,Incrível aspernatur feito de material premium. Ideal para Administrador público. Cores disponíveis: Azul violeta. Garantia de 12 meses. Dimensões: 96cm. Peso: 3kg.
c47104c0-3613-4e15-b200-c2614d29d1ab,Móveis - Deserunt Turquesa pálida,Móveis,4605.91,Incrível facere feito de material premium. Ideal para Estampador de tecidos. Cores disponíveis: Cinza ardósia escuro. Garantia de 6 meses. Dimensões: 67cm. Peso: 5kg.
bf3c5140-7f54-4511-81fa-964e1eb74b56,Esportes - Non Azul médio,Esportes,3588.01,Incrível delectus feito de material premium. Ideal para Jogador de badminton. Cores disponíveis: Malva. Garantia de 2 meses. Dimensões: 98cm. Peso: 10kg.
8f0881ee-8011-416b-bae8-8926b423ccde,Esportes - Velit Verde mar claro,Esportes,4266.14,Incrível libero feito de material premium. Ideal para Auxiliar de reprografia. Cores disponíveis: Ébano. Garantia de 1 meses. Dimensões: 82cm. Peso: 9kg.
6fac1673-0ad4-4230-bdf6-6ba5dc9c96de,Eletrônicos - Ad Independência,Eletrônicos,4677.7,Incrível autem feito de material premium. Ideal para Florista. Cores disponíveis: Mocassim. Garantia de 9 meses. Dimensões: 14cm. Peso: 6kg.
b5a1b949-6788-4209-92ca-525a6de59332,Esportes - Tempore Fandango,Esportes,3991.57,Incrível illum feito de material premium. Ideal para Capitão. Cores disponíveis: Escarlate. Garantia de 1 meses. Dimensões: 54cm. Peso: 7kg.
2bffe17b-5324-41fc-b758-dce20556daea,Móveis - Sit Independência,Móveis,2341.62,Incrível voluptas feito de material premium. Ideal para Hostess. Cores disponíveis: Azul ardósia escuro. Garantia de 12 meses. Dimensões: 82cm. Peso: 3kg.
3e49fd09-1b19-48b8-9830-20816fcc57dd,Esportes - Nostrum Neve,Esportes,4252.49,Incrível natus feito de material premium. Ideal para Pediatra. Cores disponíveis: Azul alice. Garantia de 3 meses. Dimensões: 61cm. Peso: 10kg.
beed10b6-4f6e-474b-9eda-b0276550f74a,Beleza - Labore Borgonha,Beleza,3458.41,Incrível iusto feito de material premium. Ideal para Contador. Cores disponíveis: Azul aço. Garantia de 12 meses. Dimensões: 58cm. Peso: 7kg.
87d5b7be-1d30-4990-a21b-030782af085c,Eletrônicos - Quaerat Azul taparuere,Eletrônicos,3459.24,Incrível laudantium feito de material premium. Ideal para Guarda ou policial rodoviário. Cores disponíveis: Siena. Garantia de 10 meses. Dimensões: 69cm. Peso: 7kg.
d0a643fe-a53b-4024-91a6-9d87f54e2019,Móveis - Dignissimos Branco fumaça,Móveis,3769.14,Incrível corporis feito de material premium. Ideal para Classificador contábil. Cores disponíveis: Caqui escuro. Garantia de 6 meses. Dimensões: 22cm. Peso: 8kg.
2722796e-9a36-41ec-ac6a-6e9a328067a1,Esportes - Ullam Azul aço,Esportes,3081.15,Incrível dolorum feito de material premium. Ideal para Segurança particular. Cores disponíveis: Laranja. Garantia de 2 meses. Dimensões: 63cm. Peso: 4kg.
c2874f06-9050-47ef-8123-5c9176c5a0dc,Móveis - Repellendus Grená,Móveis,4707.72,Incrível vero feito de material premium. Ideal para Professor. Cores disponíveis: Preto. Garantia de 3 meses. Dimensões: 37cm. Peso: 4kg.
52bdc661-9fe0-48c7-bc8d-5b93a2a2e91f,Eletrônicos - Sunt Ciano escuro,Eletrônicos,4460.49,Incrível distinctio feito de material premium. Ideal para Mecânico. Cores disponíveis: Aspargo. Garantia de 12 meses. Dimensões: 47cm. Peso: 9kg.
4d85a3d2-a1a2-4485-b134-8c2a780b3657,Eletrônicos - Harum Nyanza,Eletrônicos,202.42,Incrível aspernatur feito de material premium. Ideal para Guarda roupeiro. Cores disponíveis: Lilás. Garantia de 11 meses. Dimensões: 50cm. Peso: 3kg.
73b0a091-7634-4169-8f76-e38812fe28bf,Eletrônicos - Amet Ameixa,Eletrônicos,3608.36,Incrível maxime feito de material premium. Ideal para Esgrimista. Cores disponíveis: Azul aço. Garantia de 12 meses. Dimensões: 62cm. Peso: 4kg.
daf481a7-fa34-42e8-9d3f-7d7ea508dc95,Eletrônicos - Consectetur Orquídea média,Eletrônicos,802.8,Incrível saepe feito de material premium. Ideal para Paginador. Cores disponíveis: Dourado escuro. Garantia de 4 meses. Dimensões: 23cm. Peso: 5kg.
f4488385-8de7-4d6c-9490-77c27674456f,Eletrônicos - Animi Heliotrópio,Eletrônicos,339.06,Incrível rem feito de material premium. Ideal para Taxidermista/Embalsamador. Cores disponíveis: Azul real. Garantia de 11 meses. Dimensões: 24cm. Peso: 7kg.
80599b93-79c2-42e4-9ae1-a991524f93ff,Móveis - Distinctio Amêndoa,Móveis,2786.08,Incrível odio feito de material premium. Ideal para Cadeirinha. Cores disponíveis: Verde mar escuro. Garantia de 5 meses. Dimensões: 91cm. Peso: 3kg.
fb7d9f1c-57eb-49b1-965e-59dde62d2d06,Roupas - Blanditiis Lilás,Roupas,4637.55,Incrível tenetur feito de material premium. Ideal para Contramestre em transporte marítimo. Cores disponíveis: Amarelo ouro claro. Garantia de 4 meses. Dimensões: 44cm. Peso: 4kg.
fdb1429e-7010-4d13-b526-b22d3f6c21f7,Esportes - Nulla Magenta escuro,Esportes,237.14,Incrível quasi feito de material premium. Ideal para Relações públicas. Cores disponíveis: Azul força aérea. Garantia de 12 meses. Dimensões: 99cm. Peso: 3kg.
486bb6bf-eafd-47d9-9f73-3a3e5d286aa4,Beleza - Molestias Esmeralda,Beleza,2482.8,Incrível labore feito de material premium. Ideal para Tecnólogo em negócios imobiliários. Cores disponíveis: Oliva escura. Garantia de 2 meses. Dimensões: 79cm. Peso: 7kg.
a5b5cdc2-a181-485e-8a0a-c6ac0d67d38e,Esportes - Iusto Ametista,Esportes,4764.99,Incrível iure feito de material premium. Ideal para Bombeiro. Cores disponíveis: Marrom rosado. Garantia de 6 meses. Dimensões: 48cm. Peso: 2kg.
4082cbb9-48bd-4b3e-a2f5-df2badaa44ca,Esportes - Unde Oliva parda,Esportes,202.21,Incrível distinctio feito de material premium. Ideal para Gerente de banco. Cores disponíveis: Azul alice. Garantia de 12 meses. Dimensões: 22cm. Peso: 9kg.
eaafe543-2434-4678-a9e2-7ba9952e6abb,Eletrônicos - Laudantium Ciano claro,Eletrônicos,4817.38,Incrível ullam feito de material premium. Ideal para Tintureiro. Cores disponíveis: Renda antiga. Garantia de 7 meses. Dimensões: 92cm. Peso: 7kg.
b576255e-9854-4f22-a102-f9c964575bc4,Esportes - Blanditiis Ciano claro,Esportes,649.31,Incrível ratione feito de material premium. Ideal para Investigador de Polícia. Cores disponíveis: Preto. Garantia de 7 meses. Dimensões: 51cm. Peso: 7kg.
20b71785-d02c-40c1-9417-0a17caaa5bbe,Eletrônicos - Velit Roxo brasilis,Eletrônicos,4725.55,Incrível vitae feito de material premium. Ideal para Peixeiro. Cores disponíveis: Azul ardósia médio. Garantia de 12 meses. Dimensões: 27cm. Peso: 6kg.
822c4d32-6c64-4c15-aba3-01cba561e1e9,Beleza - Magni Alizarina,Beleza,1109.62,Incrível magni feito de material premium. Ideal para Fisiculturista. Cores disponíveis: Azul petróleo. Garantia de 1 meses. Dimensões: 44cm. Peso: 7kg.
f29a6339-577b-455a-b6d5-5494f37fd50d,Móveis - Placeat Azul taparuere,Móveis,4566.84,Incrível et feito de material premium. Ideal para Cientista político. Cores disponíveis: Azul flor de milho. Garantia de 12 meses. Dimensões: 63cm. Peso: 5kg.
c9c23e69-d82c-4565-8bb9-07ec13c11754,Eletrônicos - Consequuntur Lilás,Eletrônicos,2490.51,Incrível quis feito de material premium. Ideal para Peixeiro. Cores disponíveis: Amarelo esverdeado. Garantia de 7 meses. Dimensões: 68cm. Peso: 3kg.
c42cbc39-e05b-46c5-9636-3094a97431db,Móveis - Sit Azul céu claro,Móveis,3447.8,Incrível saepe feito de material premium. Ideal para Investigador de Polícia. Cores disponíveis: Azul flor de milho. Garantia de 7 meses. Dimensões: 99cm. Peso: 7kg.
b15e54f6-d4d3-4795-ae4b-ebc429890880,Eletrônicos - Soluta Verde mar escuro,Eletrônicos,4611.19,Incrível doloremque feito de material premium. Ideal para Vigia parlamentar. Cores disponíveis: Glicínia. Garantia de 4 meses. Dimensões: 44cm. Peso: 7kg.
ad261ec5-5d42-49e9-a92e-07b60b2f6d5c,Móveis - Ex Glitter,Móveis,216.96,Incrível similique feito de material premium. Ideal para Escrivão. Cores disponíveis: Trigo. Garantia de 8 meses. Dimensões: 57cm. Peso: 6kg.
3be79df4-72ec-416e-88a7-23e9bfa016c2,Esportes - Quibusdam Branco navajo,Esportes,3226.68,Incrível ipsa feito de material premium. Ideal para Mototaxista. Cores disponíveis: Verde primavera. Garantia de 2 meses. Dimensões: 10cm. Peso: 1kg.
f2771f63-ada5-4417-9e2a-d32d31ab0b56,Eletrônicos - Rem Glicínia,Eletrônicos,3437.82,Incrível officiis feito de material premium. Ideal para Escoteiro. Cores disponíveis: Verde claro. Garantia de 8 meses. Dimensões: 10cm. Peso: 7kg.
6b2d5b09-8707-4ad4-80be-7e3561c2645a,Móveis - Dolorem Verde militar,Móveis,4294.55,Incrível eligendi feito de material premium. Ideal para Rebarbador de metal. Cores disponíveis: Azul céu. Garantia de 2 meses. Dimensões: 50cm. Peso: 1kg.
a4244f23-0d5b-47cd-8000-35f0df7d0dd7,Eletrônicos - Perspiciatis Violeta claro,Eletrônicos,1190.02,Incrível minima feito de material premium. Ideal para Prefeito. Cores disponíveis: Azul brasilis brilhante. Garantia de 6 meses. Dimensões: 73cm. Peso: 9kg.
d9e604b3-8412-4335-988c-656db61e5fdb,Esportes - Cupiditate Carmim,Esportes,1405.77,Incrível blanditiis feito de material premium. Ideal para Conferente de expedição. Cores disponíveis: Carmesim. Garantia de 7 meses. Dimensões: 87cm. Peso: 4kg.
25b8a42f-836b-45c7-a7c2-25da73069588,Roupas - Nostrum Azul ardósia médio,Roupas,3433.41,Incrível est feito de material premium. Ideal para Mergulhador. Cores disponíveis: Zinco. Garantia de 10 meses. Dimensões: 27cm. Peso: 5kg.
6a36af18-06d3-4b93-ae33-688d597e6845,Beleza - Asperiores Ébano,Beleza,1244.6,Incrível provident feito de material premium. Ideal para Intérprete. Cores disponíveis: Branco fumaça. Garantia de 11 meses. Dimensões: 76cm. Peso: 2kg.
5ffa46ef-14e4-480c-be99-36a362dbc850,Roupas - Et Amarelo creme,Roupas,4503.13,Incrível ipsum feito de material premium. Ideal para Broker/Corretor da bolsa de valores. Cores disponíveis: Verde-azulado. Garantia de 8 meses. Dimensões: 15cm. Peso: 10kg.
ca97ebf5-55d5-46af-a663-d2cdb6f6dbf1,Esportes - Dignissimos Azul céu,Esportes,1859.88,Incrível amet feito de material premium. Ideal para Esgrimista. Cores disponíveis: Verde primavera médio. Garantia de 12 meses. Dimensões: 63cm. Peso: 5kg.
2387eaf6-d4c3-4832-b231-c60b78f2ce6b,Esportes - Voluptatibus Jade,Esportes,2887.49,Incrível occaecati feito de material premium. Ideal para Retificador. Cores disponíveis: Água-marinha média. Garantia de 3 meses. Dimensões: 15cm. Peso: 8kg.
41843b03-04dd-4054-9448-23f7e7e646c7,Móveis - Esse Verde primavera,Móveis,1990.82,Incrível distinctio feito de material premium. Ideal para Policial militar. Cores disponíveis: Siena. Garantia de 11 meses. Dimensões: 55cm. Peso: 9kg.
1c76bdf6-6c5a-4c93-871c-08849bdf90f2,Roupas - Illo Branco fumaça,Roupas,1574.8,Incrível incidunt feito de material premium. Ideal para Cartógrafo. Cores disponíveis: Amarelo. Garantia de 3 meses. Dimensões: 84cm. Peso: 1kg.
cb3cf8ca-a392-4731-ab79-afcc3d0a5f0c,Móveis - Soluta Independência,Móveis,478.79,Incrível at feito de material premium. Ideal para Cancerologista ou Oncologista. Cores disponíveis: Verde-azulado. Garantia de 1 meses. Dimensões: 68cm. Peso: 8kg.
893ad232-98c3-43ca-bff4-cec6e7b7b4c6,Esportes - Ad Pardo,Esportes,4749.53,Incrível quam feito de material premium. Ideal para Profissional de manutenção industrial. Cores disponíveis: Branco navajo. Garantia de 11 meses. Dimensões: 84cm. Peso: 1kg.
6de299a1-4a90-4d0c-a4c1-73b9b7f28572,Eletrônicos - A Orquídea média,Eletrônicos,1137.82,Incrível libero feito de material premium. Ideal para Engenheiro agrimensor. Cores disponíveis: Milho. Garantia de 3 meses. Dimensões: 18cm. Peso: 3kg.
ab1021ce-aa14-4cd8-aff3-cde46aa42c9f,Roupas - Blanditiis Magenta escuro,Roupas,4829.2,Incrível magni feito de material premium. Ideal para Ator. Cores disponíveis: Magenta escuro. Garantia de 5 meses. Dimensões: 91cm. Peso: 5kg.
fd034ada-c952-4185-81e0-3a5e8b48f496,Roupas - Quae Marrom claro,Roupas,4621.55,Incrível adipisci feito de material premium. Ideal para Jóquei. Cores disponíveis: Violeta claro. Garantia de 4 meses. Dimensões: 89cm. Peso: 10kg.
630aa767-a2bb-422b-8b25-1279785ac5d0,Móveis - Minima Bronze,Móveis,3861.56,Incrível ad feito de material premium. Ideal para Harpista. Cores disponíveis: Verde espectro. Garantia de 2 meses. Dimensões: 34cm. Peso: 5kg.
bba205ca-3dba-4da8-9844-f9fc114b9547,Esportes - Unde Pardo escuro,Esportes,2687.12,Incrível corporis feito de material premium. Ideal para Profissional de relações públicas. Cores disponíveis: Terracota. Garantia de 3 meses. Dimensões: 42cm. Peso: 9kg.
0b599562-2227-419f-951f-f086c1b5b5ca,Roupas - Libero Marfim,Roupas,3623.96,Incrível labore feito de material premium. Ideal para Sonoplasta. Cores disponíveis: Azul médio. Garantia de 10 meses. Dimensões: 44cm. Peso: 10kg.
76f186ab-af47-4b49-8775-e395d49405f0,Esportes - Voluptatem Jasmine,Esportes,577.72,Incrível suscipit feito de material premium. Ideal para Corretor de imóveis. Cores disponíveis: Verde mar escuro. Garantia de 9 meses. Dimensões: 60cm. Peso: 7kg.
c6b469ef-b74e-4a93-9027-5b532285b2ef,Roupas - Officia Amarelo esverdeado,Roupas,581.26,Incrível impedit feito de material premium. Ideal para Designer de jóia. Cores disponíveis: Amarelo queimado. Garantia de 1 meses. Dimensões: 51cm. Peso: 2kg.
0aba590e-e2c3-48aa-b310-7475ca862225,Esportes - Ipsam Ciano claro,Esportes,1859.44,Incrível quam feito de material premium. Ideal para Kite-surfer. Cores disponíveis: Verde mar médio. Garantia de 9 meses. Dimensões: 17cm. Peso: 9kg.
095ffa81-40d9-4bce-b930-ba208b040f49,Esportes - Tenetur Azul real,Esportes,1098.02,Incrível illo feito de material premium. Ideal para Harpista. Cores disponíveis: Vermelho violeta pálido. Garantia de 3 meses. Dimensões: 52cm. Peso: 7kg.
a7de02cc-dda4-44a7-8c3c-e284c7e53bbb,Roupas - Iure Carmesim,Roupas,614.56,Incrível cupiditate feito de material premium. Ideal para Inspetor. Cores disponíveis: Fuligem. Garantia de 10 meses. Dimensões: 65cm. Peso: 5kg.
7092947d-be49-49ec-a667-d3bbe3b56360,Esportes - Molestiae Cinza escuro,Esportes,1034.88,Incrível ea feito de material premium. Ideal para Operador de telemarketing. Cores disponíveis: Rosa profundo. Garantia de 3 meses. Dimensões: 74cm. Peso: 6kg.
cc1b4157-ec9f-4c54-9e0a-72ab7f5db163,Beleza - Quas Cardo,Beleza,4902.68,Incrível blanditiis feito de material premium. Ideal para Webmaster. Cores disponíveis: Ferrugem. Garantia de 6 meses. Dimensões: 65cm. Peso: 9kg.
febec0db-9a3a-4103-ae3c-453214348f62,Móveis - Ducimus Marfim,Móveis,3871.59,Incrível impedit feito de material premium. Ideal para Funileiro. Cores disponíveis: Azul brasilis brilhante. Garantia de 9 meses. Dimensões: 10cm. Peso: 9kg.
4baf0f5e-a932-4094-93f2-8f11147f6570,Móveis - Inventore Grená,Móveis,2332.55,Incrível sed feito de material premium. Ideal para Vendedor. Cores disponíveis: Flerte. Garantia de 6 meses. Dimensões: 14cm. Peso: 1kg.
59fefbbc-71a3-4ad2-b094-6d2a2aa93b43,Eletrônicos - Occaecati Amarelo ouro claro,Eletrônicos,116.91,Incrível libero feito de material premium. Ideal para Restaurador. Cores disponíveis: Fuligem. Garantia de 2 meses. Dimensões: 12cm. Peso: 3kg.
ca9e4a62-fae3-414b-a3b4-42bd46494296,Móveis - Aspernatur Azul aço,Móveis,2747.27,Incrível velit feito de material premium. Ideal para Síndico. Cores disponíveis: Escarlate. Garantia de 11 meses. Dimensões: 50cm. Peso: 3kg.
bff9507d-cd14-403e-8359-9af65d01f55f,Eletrônicos - Veritatis Azul força aérea,Eletrônicos,4141.88,Incrível aliquam feito de material premium. Ideal para Cirurgião dentista. Cores disponíveis: Vermelho escuro. Garantia de 1 meses. Dimensões: 78cm. Peso: 1kg.
702c1821-c804-4fb7-ad97-3b679b89e5cb,Roupas - Aliquid Azul celeste,Roupas,758.69,Incrível atque feito de material premium. Ideal para Endodontista. Cores disponíveis: Verde claro. Garantia de 4 meses. Dimensões: 40cm. Peso: 4kg.
6202bee6-5cb5-469c-9dc7-b3e6a52964ff,Móveis - Reiciendis Amarelo escuro,Móveis,223.81,Incrível sed feito de material premium. Ideal para Comandante. Cores disponíveis: Rosa claro. Garantia de 4 meses. Dimensões: 85cm. Peso: 9kg.
5f3c44dc-5ef7-47b8-b2e6-195f732e2016,Esportes - Numquam Turquesa pálida,Esportes,3915.33,Incrível autem feito de material premium. Ideal para Profissional de logística. Cores disponíveis: Azul céu. Garantia de 7 meses. Dimensões: 35cm. Peso: 5kg.
507b9072-65e5-4f34-9df0-6e8c878aaed9,Esportes - Totam Carmim clássico,Esportes,3703.52,Incrível expedita feito de material premium. Ideal para Capelão. Cores disponíveis: Amarelo claro. Garantia de 3 meses. Dimensões: 69cm. Peso: 2kg.
848af440-7fc1-4858-afa0-d842bc55300b,Beleza - Molestias Marrom sela,Beleza,700.64,Incrível cumque feito de material premium. Ideal para Engenheiro de som. Cores disponíveis: Verde amarelado. Garantia de 8 meses. Dimensões: 37cm. Peso: 3kg.
36ee1640-723e-4466-b43b-d27f42a259a6,Móveis - Similique Castanho avermelhado,Móveis,1115.21,Incrível voluptate feito de material premium. Ideal para Odontopediatra. Cores disponíveis: Azul turquesa. Garantia de 10 meses. Dimensões: 60cm. Peso: 3kg.
12f5131a-da52-42ee-a2bf-18f51f652a87,Roupas - Odio Azul médio,Roupas,4578.22,Incrível numquam feito de material premium. Ideal para Bibliotecário. Cores disponíveis: Verde mar escuro. Garantia de 3 meses. Dimensões: 94cm. Peso: 10kg.
fc902838-d874-4408-b7b2-17c7ae92ea71,Esportes - Ipsum Rosa amoroso,Esportes,4207.9,Incrível laborum feito de material premium. Ideal para Triatleta. Cores disponíveis: Ametista. Garantia de 1 meses. Dimensões: 39cm. Peso: 4kg.
e42e5037-4a55-4ea0-8acb-be098ccc9cea,Móveis - In Vermelho escuro,Móveis,69.26,Incrível dolore feito de material premium. Ideal para Trompetista. Cores disponíveis: Rútilo. Garantia de 8 meses. Dimensões: 26cm. Peso: 2kg.
2c913a7c-a340-4f08-b341-91b8ed6522b4,Beleza - Magni Lima,Beleza,1771.43,Incrível et feito de material premium. Ideal para Cartógrafo. Cores disponíveis: Azul turquesa. Garantia de 2 meses. Dimensões: 40cm. Peso: 9kg.
ca55e38b-3c9a-4e10-a38d-6f44cac4d0eb,Roupas - Possimus Amarelo claro,Roupas,248.1,Incrível magni feito de material premium. Ideal para Prefeito. Cores disponíveis: Milho. Garantia de 5 meses. Dimensões: 38cm. Peso: 9kg.
fba6abf7-cdbc-4653-b7a7-e8b75e70f65f,Eletrônicos - Quod Azul céu claro,Eletrônicos,3727.86,Incrível similique feito de material premium. Ideal para Berçarista. Cores disponíveis: Ametista. Garantia de 11 meses. Dimensões: 14cm. Peso: 7kg.
b788f5d1-ffe5-45f6-a5ed-cfe34f2dad3f,Eletrônicos - Perferendis Magenta escuro,Eletrônicos,4002.66,Incrível neque feito de material premium. Ideal para Lenhador. Cores disponíveis: Verde pálido. Garantia de 6 meses. Dimensões: 98cm. Peso: 5kg.
f8ede0ca-2015-4a72-92e1-53a6932cae01,Eletrônicos - Ipsum Preto,Eletrônicos,3393.5,Incrível aut feito de material premium. Ideal para Meredeira. Cores disponíveis: Iris. Garantia de 6 meses. Dimensões: 39cm. Peso: 4kg.
20da8972-5832-4ee4-8471-b4b0ae1b9f69,Esportes - Quod Prata,Esportes,2164.33,Incrível repudiandae feito de material premium. Ideal para Corretor de imóveis. Cores disponíveis: Turquesa. Garantia de 10 meses. Dimensões: 43cm. Peso: 2kg.
80bbae52-6ec0-4269-a108-4dd9f75d1e3c,Esportes - Aspernatur Verde primavera médio,Esportes,2496.12,Incrível cupiditate feito de material premium. Ideal para Patinador. Cores disponíveis: Azul flor de milho. Garantia de 2 meses. Dimensões: 96cm. Peso: 7kg.
5299e505-2976-4ab2-aa26-f7704ddb1b36,Esportes - Voluptatum Branco antigo,Esportes,870.37,Incrível laborum feito de material premium. Ideal para Patologista. Cores disponíveis: Carmim. Garantia de 1 meses. Dimensões: 41cm. Peso: 7kg.
3240d7a1-4027-4b7d-9430-29a9d88f1c94,Eletrônicos - Tempora Marrom claro,Eletrônicos,2104.99,Incrível harum feito de material premium. Ideal para Cenógrafo. Cores disponíveis: Pardo escuro. Garantia de 8 meses. Dimensões: 87cm. Peso: 2kg.
17eaec83-8892-442f-9d4b-2bf94d85e9c7,Esportes - Provident Preto,Esportes,358.95,Incrível dolores feito de material premium. Ideal para Psicopedagogo. Cores disponíveis: Mostarda. Garantia de 3 meses. Dimensões: 51cm. Peso: 10kg.
9fddde2e-a8a2-47ad-abd3-cdcd27794685,Beleza - Sed Cinza escuro,Beleza,421.53,Incrível recusandae feito de material premium. Ideal para Armeiro. Cores disponíveis: Verde Paris. Garantia de 7 meses. Dimensões: 84cm. Peso: 7kg.
0ba36279-14cb-4564-8743-7c3bdd20c3bf,Eletrônicos - Temporibus Urucum,Eletrônicos,832.75,Incrível repellat feito de material premium. Ideal para Engenheiro de transportes. Cores disponíveis: Púrpura. Garantia de 7 meses. Dimensões: 26cm. Peso: 5kg.
